{
  "routers": [
    {
      "name": "Router#1",
      "ports": [
        {
          "input": 12345,
          "output": 12346,
          "cost": 10
        },
        {
          "input": 5656,
          "output": 5555,
          "cost": 10
        },
        {
          "input": 4321,
          "output": 4444,
          "cost": 10
        }
      ]
    },
    {
      "name": "Router#2",
      "ports": [
        {
          "input": 12346,
          "output": 12345,
          "cost": 10
        },
        {
          "input": 8910,
          "output": 8911,
          "cost": 10
        }
      ]
    },
    {
      "name": "Router#3",
      "ports": [
        {
          "input": 5555,
          "output": 5656,
          "cost": 10
        },
        {
          "input": 8911,
          "output": 8910,
          "cost": 10
        },
        {
          "input": 4567,
          "output": 4568,
          "cost": 10
        }
      ]
    },
    {
      "name": "Router#4",
      "ports": [
        {
          "input": 4568,
          "output": 4567,
          "cost": 10
        }
      ]
    }
  ]
}