{
  "routers": [
    {
      "name": "Router#1",
      "ports": [
        {
          "input": 12345,
          "output": 12346,
          "cost": 50
        },
        {
          "input": 6767,
          "output": 6666,
          "cost": 4
        }
      ]
    },
    {
      "name": "Router#2",
      "ports": [
        {
          "input": 12346,
          "output": 12345,
          "cost": 50
        },
        {
          "input": 4321,
          "output": 4444
        },
        {
          "input": 5656,
          "output": 5555,
          "cost": 1
        }
      ]
    },
    {
      "name": "Router#3",
      "ports": [
        {
          "input": 5555,
          "output": 5656,
          "cost": 1
        },
        {
          "input": 6666,
          "output": 6767,
          "cost": 4
        }
      ]
    }
  ]
}